"DateTime","Players","Average Players"
"2026-03-05 00:00:00",86718,80222
"2026-03-06 00:00:00",88337,57281
"2026-03-07 00:00:00",78498,59293
"2026-03-08 00:00:00",77371,58972
"2026-03-09 00:00:00",71346,45204
"2026-03-10 00:00:00",66593,41284
"2026-03-11 00:00:00",62495,38242
"2026-03-12 00:00:00",60649,38257
"2026-03-13 00:00:00",57246,38013
"2026-03-14 00:00:00",59357,44870
"2026-03-15 00:00:00",62830,46306
"2026-03-16 00:00:00",56597,35862
"2026-03-17 00:00:00",53846,31908
"2026-03-18 00:00:00",54414,34263
"2026-03-19 00:00:00",51731,32204
"2026-03-20 00:00:00",50287,34556
"2026-03-21 00:00:00",56683,40942
"2026-03-22 00:00:00",53678,40433
"2026-03-23 00:00:00",49944,29795
"2026-03-24 00:00:00",44371,24962
"2026-03-25 00:00:00",42091,25523
"2026-03-26 00:00:00",39796,24958
"2026-03-27 00:00:00",40834,26542
"2026-03-28 00:00:00",43927,31282
"2026-03-29 00:00:00",41975,30932
"2026-03-30 00:00:00",36782,22205
"2026-03-31 00:00:00",34185,19528
"2026-04-01 00:00:00",33820,20728
"2026-04-02 00:00:00",32854,21238
"2026-04-03 00:00:00",36374,23899
"2026-04-04 00:00:00",36203,25064
"2026-04-05 00:00:00",33822,24158
"2026-04-06 00:00:00",31022,19281
"2026-04-07 00:00:00",28325,16047
"2026-04-08 00:00:00",27670,16303
"2026-04-09 00:00:00",25392,15862
"2026-04-10 00:00:00",26913,17080
"2026-04-11 00:00:00",28549,20014
"2026-04-12 00:00:00",27393,19868
"2026-04-13 00:00:00",23909,14060
"2026-04-14 00:00:00",22914,13633
"2026-04-15 00:00:00",26637,15649
"2026-04-16 00:00:00",24563,15080
"2026-04-17 00:00:00",24999,15441
"2026-04-18 00:00:00",25359,17658
"2026-04-19 00:00:00",24121,17435
"2026-04-20 00:00:00",20746,12336
"2026-04-21 00:00:00",19362,10898
"2026-04-22 00:00:00",19811,11694
"2026-04-23 00:00:00",18360,11576
"2026-04-24 00:00:00",20269,12629
"2026-04-25 00:00:00",20967,14714
"2026-04-26 00:00:00",20727,14844
"2026-04-27 00:00:00",17371,10443
"2026-04-28 00:00:00",16639,9130
"2026-04-29 00:00:00",15714,9518
"2026-04-30 00:00:00",15243,9600
"2026-05-01 00:00:00",17131,10795
"2026-05-02 00:00:00",17050,11843
"2026-05-03 00:00:00",16528,11765
"2026-05-04 00:00:00",13969,8549
"2026-05-05 00:00:00",13191,7736
"2026-05-06 00:00:00",13443,8085
"2026-05-07 00:00:00",13384,8616
"2026-05-08 00:00:00",15178,9405
"2026-05-09 00:00:00",15378,10746
"2026-05-10 00:00:00",14541,10139
"2026-05-11 00:00:00",11218,7291
"2026-05-12 00:00:00",11798,7098
"2026-05-13 00:00:00",11497,7062
"2026-05-14 00:00:00",11975,7488
"2026-05-15 00:00:00",13022,8064
"2026-05-16 00:00:00",13107,9136
"2026-05-17 00:00:00",12560,9047
"2026-05-18 00:00:00",10377,6580
"2026-05-19 00:00:00",10285,6445
"2026-05-20 00:00:00",11943,6879
"2026-05-21 00:00:00",10828,6954
"2026-05-22 00:00:00",12054,7587
"2026-05-23 00:00:00",11795,8372
"2026-05-24 00:00:00",11412,8359
"2026-05-25 00:00:00",11074,7949
"2026-05-26 00:00:00",10837,6265
"2026-05-27 00:00:00",11398,7118
"2026-05-28 00:00:00",12148,7139
"2026-05-29 00:00:00",11201,6968
"2026-05-30 00:00:00",11444,7934
"2026-05-31 00:00:00",11321,8275
"2026-06-01 00:00:00",10921,7027
"2026-06-02 00:00:00",30711,11867
"2026-06-03 00:00:00",40686,23196
"2026-06-04 00:00:00",37164,23434
"2026-06-05 00:00:00",33905,22713
"2026-06-06 00:00:00",32561,25138
"2026-06-07 00:00:00",32661,24642
"2026-06-08 00:00:00",28851,18651
"2026-06-09 00:00:00",25807,14572
"2026-06-10 00:00:00",19781,13308
"2026-06-11 00:00:00",17986,11748
"2026-06-12 00:00:00",15844,10337
"2026-06-13 00:00:00",14891,11339
"2026-06-14 00:00:00",14766,11165
"2026-06-15 00:00:00",12560,8364
"2026-06-16 00:00:00",12753,7737
"2026-06-17 00:00:00",12141,7801
"2026-06-18 00:00:00",11736,7761
"2026-06-19 00:00:00",11725,8167
"2026-06-20 00:00:00",11948,8690
"2026-06-21 00:00:00",11262,8553
"2026-06-22 00:00:00",9838,6685
"2026-06-23 00:00:00",10115,6130
"2026-06-24 00:00:00",10765,6510
"2026-06-25 00:00:00",9131,5989
"2026-06-26 00:00:00",9550,6262
"2026-06-27 00:00:00",10281,7475
"2026-06-28 00:00:00",9860,7544
"2026-06-29 00:00:00",8795,5599
"2026-06-30 00:00:00",8333,5259
"2026-07-01 00:00:00",7898,5145
"2026-07-02 00:00:00",7419,5202
"2026-07-03 00:00:00",8630,5898
"2026-07-04 00:00:00",7885,5828
"2026-07-05 00:00:00",7681,5700
"2026-07-06 00:00:00",6976,4481
"2026-07-07 00:00:00",6755,4170
"2026-07-08 00:00:00",7077,4402
"2026-07-09 00:00:00",6808,4032
"2026-07-10 00:00:00",7547,4728
"2026-07-11 00:00:00",7158,5131
"2026-07-12 00:00:00",6381,5002
"2026-07-13 00:00:00",5693,3746
"2026-07-14 00:00:00",5840,3833
"2026-07-15 00:00:00",6598,3929
"2026-07-16 00:00:00",5782,3903
"2026-07-17 00:00:00",6775,4358
"2026-07-18 00:00:00",6551,4826
"2026-07-19 00:00:00",6384,4587
"2026-07-20 00:00:00",5126,3458
"2026-07-20 01:00:00",5257,
"2026-07-20 02:00:00",5234,
"2026-07-20 03:00:00",5070,
"2026-07-20 04:00:00",4449,
"2026-07-20 05:00:00",3876,
"2026-07-20 06:00:00",3126,
"2026-07-20 07:00:00",2543,
"2026-07-20 08:00:00",2022,
"2026-07-20 09:00:00",1820,
"2026-07-20 10:00:00",1708,
"2026-07-20 11:00:00",1937,
"2026-07-20 12:00:00",2096,
"2026-07-20 13:00:00",2373,
"2026-07-20 14:00:00",2548,
"2026-07-20 15:00:00",2884,
"2026-07-20 16:00:00",3362,
"2026-07-20 17:00:00",3745,
"2026-07-20 18:00:00",4164,
"2026-07-20 19:00:00",4520,
"2026-07-20 20:00:00",4677,
"2026-07-20 21:00:00",4686,
"2026-07-20 22:00:00",4606,
"2026-07-20 23:00:00",4801,
"2026-07-21 00:00:00",5102,5385
"2026-07-21 01:00:00",5497,
"2026-07-21 02:00:00",5512,
"2026-07-21 03:00:00",5297,
"2026-07-21 04:00:00",4744,
"2026-07-21 05:00:00",3962,
"2026-07-21 06:00:00",3130,
"2026-07-21 07:00:00",2512,
"2026-07-21 08:00:00",2098,
"2026-07-21 09:00:00",1867,
"2026-07-21 10:00:00",1851,
"2026-07-21 11:00:00",1960,
"2026-07-21 12:00:00",2175,
"2026-07-21 13:00:00",2454,
"2026-07-21 14:00:00",2593,
"2026-07-21 15:00:00",2472,
"2026-07-21 16:00:00",1091,
"2026-07-21 17:00:00",2127,
"2026-07-21 18:00:00",12967,
"2026-07-21 19:00:00",14809,
"2026-07-21 20:00:00",14771,
"2026-07-21 21:00:00",14105,
"2026-07-21 22:00:00",12915,
"2026-07-21 23:00:00",13044,
"2026-07-22 00:00:00",13525,7728
"2026-07-22 01:00:00",13910,
"2026-07-22 02:00:00",13892,
"2026-07-22 03:00:00",13148,
"2026-07-22 04:00:00",11558,
"2026-07-22 05:00:00",9524,
"2026-07-22 06:00:00",7454,
"2026-07-22 07:00:00",5848,
"2026-07-22 08:00:00",4781,
"2026-07-22 09:00:00",4280,
"2026-07-22 10:00:00",4199,
"2026-07-22 11:00:00",4410,
"2026-07-22 12:00:00",4924,
"2026-07-22 13:00:00",5462,
"2026-07-22 14:00:00",5768,
"2026-07-22 15:00:00",6232,
"2026-07-22 16:00:00",6714,
"2026-07-22 17:00:00",7383,
"2026-07-22 18:00:00",8097,
"2026-07-22 19:00:00",8567,
"2026-07-22 20:00:00",8603,
"2026-07-22 21:00:00",8365,
"2026-07-22 22:00:00",8078,
"2026-07-22 23:00:00",8405,
"2026-07-23 00:00:00",9113,5856
"2026-07-23 01:00:00",9520,
"2026-07-23 02:00:00",9549,
"2026-07-23 03:00:00",9280,
"2026-07-23 04:00:00",8264,
"2026-07-23 05:00:00",6841,
"2026-07-23 06:00:00",5236,
"2026-07-23 07:00:00",4120,
"2026-07-23 08:00:00",3486,
"2026-07-23 09:00:00",3134,
"2026-07-23 10:00:00",3089,
"2026-07-23 11:00:00",3317,
"2026-07-23 12:00:00",3715,
"2026-07-23 13:00:00",4092,
"2026-07-23 14:00:00",4444,
"2026-07-23 15:00:00",4732,
"2026-07-23 16:00:00",5235,
"2026-07-23 17:00:00",6231,
"2026-07-23 18:00:00",6703,
"2026-07-23 19:00:00",7248,
"2026-07-23 20:00:00",7378,
"2026-07-23 21:00:00",7355,
"2026-07-23 22:00:00",7123,
"2026-07-23 23:00:00",7336,
"2026-07-24 00:00:00",7897,5395
"2026-07-24 01:00:00",8483,
"2026-07-24 02:00:00",8649,
"2026-07-24 03:00:00",8387,
"2026-07-24 04:00:00",7575,
"2026-07-24 05:00:00",6310,
"2026-07-24 06:00:00",5043,
"2026-07-24 07:00:00",4068,
"2026-07-24 08:00:00",3212,
"2026-07-24 09:00:00",2804,
"2026-07-24 10:00:00",2810,
"2026-07-24 11:00:00",3115,
"2026-07-24 12:00:00",3536,
"2026-07-24 13:00:00",3998,
"2026-07-24 14:00:00",4387,
"2026-07-24 15:00:00",4683,
"2026-07-24 16:00:00",5013,
"2026-07-24 17:00:00",5485,
"2026-07-24 18:00:00",6129,
"2026-07-24 19:00:00",6556,
"2026-07-24 20:00:00",6753,
"2026-07-24 21:00:00",6782,
"2026-07-24 22:00:00",6662,
"2026-07-24 23:00:00",6544,
"2026-07-25 00:00:00",6831,5646
"2026-07-25 01:00:00",7339,
"2026-07-25 02:00:00",7867,
"2026-07-25 03:00:00",7970,
"2026-07-25 04:00:00",7569,
"2026-07-25 05:00:00",6769,
"2026-07-25 06:00:00",5878,
"2026-07-25 07:00:00",4939,
"2026-07-25 08:00:00",3997,
"2026-07-25 09:00:00",3385,
"2026-07-25 10:00:00",3100,
"2026-07-25 11:00:00",3272,
"2026-07-25 12:00:00",3746,
"2026-07-25 13:00:00",4371,
"2026-07-25 14:00:00",4823,
"2026-07-25 15:00:00",5302,
"2026-07-25 16:00:00",5648,
"2026-07-25 17:00:00",6310,
"2026-07-25 18:00:00",6696,
"2026-07-25 19:00:00",7123,
"2026-07-25 20:00:00",7178,
"2026-07-25 21:00:00",7136,
"2026-07-25 22:00:00",6844,
"2026-07-25 23:00:00",6494,
"2026-07-26 00:00:00",6482,5395
"2026-07-26 01:00:00",6831,
"2026-07-26 02:00:00",7275,
"2026-07-26 03:00:00",7320,
"2026-07-26 04:00:00",7033,
"2026-07-26 05:00:00",6389,
"2026-07-26 06:00:00",5504,
"2026-07-26 07:00:00",4588,
"2026-07-26 08:00:00",3896,
"2026-07-26 09:00:00",3407,
"2026-07-26 10:00:00",3186,
"2026-07-26 11:00:00",3364,
"2026-07-26 12:00:00",3788,
"2026-07-26 13:00:00",4168,
"2026-07-26 14:00:00",4752,
"2026-07-26 15:00:00",5226,
"2026-07-26 16:00:00",5695,
"2026-07-26 17:00:00",5793,
"2026-07-26 18:00:00",6256,
"2026-07-26 19:00:00",6723,
"2026-07-26 20:00:00",6913,
"2026-07-26 21:00:00",6853,
"2026-07-26 22:00:00",6423,
"2026-07-26 23:00:00",6023,
"2026-07-27 00:00:00",6067,3884
"2026-07-27 01:00:00",6081,
"2026-07-27 02:00:00",6058,
"2026-07-27 03:00:00",5765,
"2026-07-27 04:00:00",5073,
"2026-07-27 05:00:00",4314,
"2026-07-27 06:00:00",3407,
"2026-07-27 07:00:00",2713,
"2026-07-27 08:00:00",2250,
"2026-07-27 09:00:00",2016,
"2026-07-27 10:00:00",1990,
"2026-07-27 11:00:00",2143,
"2026-07-27 12:00:00",2393,
"2026-07-27 13:00:00",2736,
"2026-07-27 14:00:00",2999,
"2026-07-27 15:00:00",3275,
"2026-07-27 16:00:00",3720,
"2026-07-27 17:00:00",4247,
"2026-07-27 18:00:00",4625,
"2026-07-27 19:00:00",5002,
"2026-07-27 20:00:00",5099,
"2026-07-27 21:00:00",5016,
"2026-07-27 22:00:00",4916,
"2026-07-27 23:00:00",5027,
"2026-07-28 00:00:00",5521,3893
"2026-07-28 01:00:00",5904,
"2026-07-28 02:00:00",5934,
"2026-07-28 03:00:00",5776,
"2026-07-28 04:00:00",5112,
"2026-07-28 05:00:00",4257,
"2026-07-28 06:00:00",3296,
"2026-07-28 07:00:00",2641,
"2026-07-28 08:00:00",2213,
"2026-07-28 09:00:00",2009,
"2026-07-28 10:00:00",1884,
"2026-07-28 11:00:00",2081,
"2026-07-28 12:00:00",2245,
"2026-07-28 13:00:00",2508,
"2026-07-28 14:00:00",2610,
"2026-07-28 15:00:00",2518,
"2026-07-28 16:00:00",580,
"2026-07-28 17:00:00",4854,
"2026-07-28 18:00:00",5919,
"2026-07-28 19:00:00",6248,
"2026-07-28 20:00:00",6273,
"2026-07-28 21:00:00",6045,
"2026-07-28 22:00:00",5730,
"2026-07-28 23:00:00",5845,
"2026-07-29 00:00:00",6209,3990
"2026-07-29 01:00:00",6540,
"2026-07-29 02:00:00",6552,
"2026-07-29 03:00:00",6367,
"2026-07-29 04:00:00",5499,
"2026-07-29 05:00:00",4618,
"2026-07-29 06:00:00",3752,
"2026-07-29 07:00:00",2912,
"2026-07-29 08:00:00",2446,
"2026-07-29 09:00:00",2234,
"2026-07-29 10:00:00",2052,
"2026-07-29 11:00:00",2311,
"2026-07-29 12:00:00",2513,
"2026-07-29 13:00:00",2819,
"2026-07-29 14:00:00",3094,
"2026-07-29 15:00:00",3379,
"2026-07-29 16:00:00",3699,
"2026-07-29 17:00:00",4143,
"2026-07-29 18:00:00",4538,
"2026-07-29 19:00:00",4787,
"2026-07-29 20:00:00",4861,
"2026-07-29 21:00:00",4840,
"2026-07-29 22:00:00",4737,
"2026-07-29 23:00:00",4964,
"2026-07-30 00:00:00",5364,3772
"2026-07-30 01:00:00",5627,
"2026-07-30 02:00:00",5667,
"2026-07-30 03:00:00",5536,
"2026-07-30 04:00:00",4863,
"2026-07-30 05:00:00",4149,
"2026-07-30 06:00:00",3362,
"2026-07-30 07:00:00",2582,
"2026-07-30 08:00:00",2095,
"2026-07-30 09:00:00",1859,
"2026-07-30 10:00:00",1849,
"2026-07-30 11:00:00",2068,
"2026-07-30 12:00:00",2267,
"2026-07-30 13:00:00",2550,
"2026-07-30 14:00:00",2747,
"2026-07-30 15:00:00",2959,
"2026-07-30 16:00:00",3355,
"2026-07-30 17:00:00",4297,
"2026-07-30 18:00:00",4930,
"2026-07-30 19:00:00",5147,
"2026-07-30 20:00:00",5255,
"2026-07-30 21:00:00",5236,
"2026-07-30 22:00:00",5221,
"2026-07-30 23:00:00",5367,
"2026-07-31 00:00:00",5762,4117
"2026-07-31 01:00:00",6202,
"2026-07-31 02:00:00",6271,
"2026-07-31 03:00:00",6055,
"2026-07-31 04:00:00",5635,
"2026-07-31 05:00:00",4768,
"2026-07-31 06:00:00",3776,
"2026-07-31 07:00:00",3092,
"2026-07-31 08:00:00",2483,
"2026-07-31 09:00:00",2183,
"2026-07-31 10:00:00",2077,
"2026-07-31 11:00:00",2201,
"2026-07-31 12:00:00",2573,
"2026-07-31 13:00:00",2967,
"2026-07-31 14:00:00",3272,
"2026-07-31 15:00:00",3624,
"2026-07-31 16:00:00",3890,
"2026-07-31 17:00:00",4348,
"2026-07-31 18:00:00",4812,
"2026-07-31 19:00:00",5209,
"2026-07-31 20:00:00",5478,
"2026-07-31 21:00:00",5550,
"2026-07-31 22:00:00",5501,
"2026-07-31 23:00:00",5299,
"2026-08-01 00:00:00",5501,4653
"2026-08-01 01:00:00",5999,
"2026-08-01 02:00:00",6268,
"2026-08-01 03:00:00",6331,
"2026-08-01 04:00:00",6060,
"2026-08-01 05:00:00",5592,
"2026-08-01 06:00:00",4753,
"2026-08-01 07:00:00",4000,
"2026-08-01 08:00:00",3229,
"2026-08-01 09:00:00",2813,
"2026-08-01 10:00:00",2575,
"2026-08-01 11:00:00",2654,
"2026-08-01 12:00:00",3017,
"2026-08-01 13:00:00",3561,
"2026-08-01 14:00:00",3986,
"2026-08-01 15:00:00",4307,
"2026-08-01 16:00:00",4649,
"2026-08-01 17:00:00",5117,
"2026-08-01 18:00:00",5584,
"2026-08-01 19:00:00",5979,
"2026-08-01 20:00:00",6176,
"2026-08-01 21:00:00",6128,
"2026-08-01 22:00:00",5858,
"2026-08-01 23:00:00",5585,
"2026-08-02 00:00:00",5533,4620
"2026-08-02 01:00:00",5831,
"2026-08-02 02:00:00",6087,
"2026-08-02 03:00:00",6095,
"2026-08-02 04:00:00",5890,
"2026-08-02 05:00:00",5512,
"2026-08-02 06:00:00",4789,
"2026-08-02 07:00:00",4033,
"2026-08-02 08:00:00",3347,
"2026-08-02 09:00:00",2931,
"2026-08-02 10:00:00",2667,
"2026-08-02 11:00:00",2859,
"2026-08-02 12:00:00",3201,
"2026-08-02 13:00:00",3606,
"2026-08-02 14:00:00",4100,
"2026-08-02 15:00:00",4562,
"2026-08-02 16:00:00",4957,
"2026-08-02 17:00:00",5009,
"2026-08-02 18:00:00",5406,
"2026-08-02 19:00:00",5715,
"2026-08-02 20:00:00",5884,
"2026-08-02 21:00:00",5801,
"2026-08-02 22:00:00",5496,
"2026-08-02 23:00:00",5208,
"2026-08-03 00:00:00",5172,3309
"2026-08-03 01:00:00",5224,
"2026-08-03 02:00:00",5127,
"2026-08-03 03:00:00",4877,
"2026-08-03 04:00:00",4418,
"2026-08-03 05:00:00",3767,
"2026-08-03 06:00:00",3072,
"2026-08-03 07:00:00",2481,
"2026-08-03 08:00:00",2042,
"2026-08-03 09:00:00",1733,
"2026-08-03 10:00:00",1715,
"2026-08-03 11:00:00",1903,
"2026-08-03 12:00:00",2110,
"2026-08-03 13:00:00",2386,
"2026-08-03 14:00:00",2701,
"2026-08-03 15:00:00",2910,
"2026-08-03 16:00:00",3244,
"2026-08-03 17:00:00",3351,
"2026-08-03 18:00:00",3799,
"2026-08-03 19:00:00",4226,
"2026-08-03 20:00:00",4223,
"2026-08-03 21:00:00",4222,
"2026-08-03 22:00:00",4021,
"2026-08-03 23:00:00",4196,
"2026-08-04 00:00:00",4635,3004
"2026-08-04 01:00:00",4995,
"2026-08-04 02:00:00",4994,
"2026-08-04 03:00:00",4788,
"2026-08-04 04:00:00",4264,
"2026-08-04 05:00:00",3550,
"2026-08-04 06:00:00",2767,
"2026-08-04 07:00:00",2217,
"2026-08-04 08:00:00",1849,
"2026-08-04 09:00:00",1663,
"2026-08-04 10:00:00",1609,
"2026-08-04 11:00:00",1709,
"2026-08-04 12:00:00",1888,
"2026-08-04 13:00:00",2052,
"2026-08-04 14:00:00",2116,
"2026-08-04 15:00:00",2035,
"2026-08-04 16:00:00",526,
"2026-08-04 17:00:00",2998,
"2026-08-04 18:00:00",3807,
"2026-08-04 19:00:00",4142,
"2026-08-04 20:00:00",4226,
"2026-08-04 21:00:00",4170,
"2026-08-04 22:00:00",4098,
"2026-08-04 23:00:00",4174,
"2026-08-05 00:00:00",4506,3070
"2026-08-05 01:00:00",4857,
"2026-08-05 02:00:00",4884,
"2026-08-05 03:00:00",4771,
"2026-08-05 04:00:00",4298,
"2026-08-05 05:00:00",3610,
"2026-08-05 06:00:00",2885,
"2026-08-05 07:00:00",2247,
"2026-08-05 08:00:00",1865,
"2026-08-05 09:00:00",1645,
"2026-08-05 10:00:00",1560,
"2026-08-05 11:00:00",1711,
"2026-08-05 12:00:00",1902,
"2026-08-05 13:00:00",2171,
"2026-08-05 14:00:00",2361,
"2026-08-05 15:00:00",2560,
"2026-08-05 16:00:00",2751,
"2026-08-05 17:00:00",3300,
"2026-08-05 18:00:00",3558,
"2026-08-05 19:00:00",3817,
"2026-08-05 20:00:00",3923,
"2026-08-05 21:00:00",3874,
"2026-08-05 22:00:00",3857,
"2026-08-05 23:00:00",4020,
"2026-08-06 00:00:00",4317,3077
"2026-08-06 01:00:00",4460,
"2026-08-06 02:00:00",4619,
"2026-08-06 03:00:00",4511,
"2026-08-06 04:00:00",4056,
"2026-08-06 05:00:00",3382,
"2026-08-06 06:00:00",2612,
"2026-08-06 07:00:00",2153,
"2026-08-06 08:00:00",1780,
"2026-08-06 09:00:00",1594,
"2026-08-06 10:00:00",1523,
"2026-08-06 11:00:00",1622,
"2026-08-06 12:00:00",1879,
"2026-08-06 13:00:00",2074,
"2026-08-06 14:00:00",2270,
"2026-08-06 15:00:00",2370,
"2026-08-06 16:00:00",2743,
"2026-08-06 17:00:00",3608,
"2026-08-06 18:00:00",4020,
"2026-08-06 19:00:00",4263,
"2026-08-06 20:00:00",4407,
"2026-08-06 21:00:00",4348,
"2026-08-06 22:00:00",4202,
"2026-08-06 23:00:00",4338,
"2026-08-07 00:00:00",4768,3318
"2026-08-07 01:00:00",5101,
"2026-08-07 02:00:00",5286,
"2026-08-07 03:00:00",5164,
"2026-08-07 04:00:00",4631,
"2026-08-07 05:00:00",3876,
"2026-08-07 06:00:00",3145,
"2026-08-07 07:00:00",2491,
"2026-08-07 08:00:00",1999,
"2026-08-07 09:00:00",1821,
"2026-08-07 10:00:00",1673,
"2026-08-07 11:00:00",1851,
"2026-08-07 12:00:00",2133,
"2026-08-07 13:00:00",2386,
"2026-08-07 14:00:00",2732,
"2026-08-07 15:00:00",2863,
"2026-08-07 16:00:00",3014,
"2026-08-07 17:00:00",3349,
"2026-08-07 18:00:00",3733,
"2026-08-07 19:00:00",3997,
"2026-08-07 20:00:00",4181,
"2026-08-07 21:00:00",4283,
"2026-08-07 22:00:00",4202,
"2026-08-07 23:00:00",4212,
"2026-08-08 00:00:00",4413,3666
"2026-08-08 01:00:00",4811,
"2026-08-08 02:00:00",5116,
"2026-08-08 03:00:00",5154,
"2026-08-08 04:00:00",5017,
"2026-08-08 05:00:00",4525,
"2026-08-08 06:00:00",3911,
"2026-08-08 07:00:00",3164,
"2026-08-08 08:00:00",2622,
"2026-08-08 09:00:00",2204,
"2026-08-08 10:00:00",1930,
"2026-08-08 11:00:00",2081,
"2026-08-08 12:00:00",2338,
"2026-08-08 13:00:00",2669,
"2026-08-08 14:00:00",3000,
"2026-08-08 15:00:00",3363,
"2026-08-08 16:00:00",3634,
"2026-08-08 17:00:00",4090,
"2026-08-08 18:00:00",4432,
"2026-08-08 19:00:00",4684,
"2026-08-08 20:00:00",4748,
"2026-08-08 21:00:00",4705,
"2026-08-08 22:00:00",4550,
"2026-08-08 23:00:00",4340,
"2026-08-09 00:00:00",4368,3611
"2026-08-09 01:00:00",4594,
"2026-08-09 02:00:00",4891,
"2026-08-09 03:00:00",4914,
"2026-08-09 04:00:00",4817,
"2026-08-09 05:00:00",4416,
"2026-08-09 06:00:00",3844,
"2026-08-09 07:00:00",3207,
"2026-08-09 08:00:00",2629,
"2026-08-09 09:00:00",2204,
"2026-08-09 10:00:00",2078,
"2026-08-09 11:00:00",2295,
"2026-08-09 12:00:00",2481,
"2026-08-09 13:00:00",2869,
"2026-08-09 14:00:00",3252,
"2026-08-09 15:00:00",3611,
"2026-08-09 16:00:00",3984,
"2026-08-09 17:00:00",4058,
"2026-08-09 18:00:00",4094,
"2026-08-09 19:00:00",4362,
"2026-08-09 20:00:00",4439,
"2026-08-09 21:00:00",4406,
"2026-08-09 22:00:00",4204,
"2026-08-09 23:00:00",3894,
"2026-08-10 00:00:00",3994,2629
"2026-08-10 01:00:00",4053,
"2026-08-10 02:00:00",4053,
"2026-08-10 03:00:00",3862,
"2026-08-10 04:00:00",3329,
"2026-08-10 05:00:00",2822,
"2026-08-10 06:00:00",2412,
"2026-08-10 07:00:00",1976,
"2026-08-10 08:00:00",1618,
"2026-08-10 09:00:00",1403,
"2026-08-10 10:00:00",1319,
"2026-08-10 11:00:00",1478,
"2026-08-10 12:00:00",1714,
"2026-08-10 13:00:00",1858,
"2026-08-10 14:00:00",2056,
"2026-08-10 15:00:00",2318,
"2026-08-10 16:00:00",2469,
"2026-08-10 17:00:00",2860,
"2026-08-10 18:00:00",3115,
"2026-08-10 19:00:00",3309,
"2026-08-10 20:00:00",3384,
"2026-08-10 21:00:00",3407,
"2026-08-10 22:00:00",3362,
"2026-08-10 23:00:00",3460,
"2026-08-11 00:00:00",3799,2500
"2026-08-11 01:00:00",4050,
"2026-08-11 02:00:00",4076,
"2026-08-11 03:00:00",3944,
"2026-08-11 04:00:00",3585,
"2026-08-11 05:00:00",3061,
"2026-08-11 06:00:00",2463,
"2026-08-11 07:00:00",1972,
"2026-08-11 08:00:00",1611,
"2026-08-11 09:00:00",1389,
"2026-08-11 10:00:00",1298,
"2026-08-11 11:00:00",1423,
"2026-08-11 12:00:00",1569,
"2026-08-11 13:00:00",1754,
"2026-08-11 14:00:00",1854,
"2026-08-11 15:00:00",1803,
"2026-08-11 16:00:00",397,
"2026-08-11 17:00:00",2500,
"2026-08-11 18:00:00",3102,
"2026-08-11 19:00:00",3313,
"2026-08-11 20:00:00",3456,
"2026-08-11 21:00:00",3433,
"2026-08-11 22:00:00",3361,
"2026-08-11 23:00:00",3520,
"2026-08-12 00:00:00",3883,2515
"2026-08-12 01:00:00",4104,
"2026-08-12 02:00:00",4143,
"2026-08-12 03:00:00",3913,
"2026-08-12 04:00:00",3455,
"2026-08-12 05:00:00",2936,
"2026-08-12 06:00:00",2334,
"2026-08-12 07:00:00",1941,
"2026-08-12 08:00:00",1562,
"2026-08-12 09:00:00",1366,
"2026-08-12 10:00:00",1298,
"2026-08-12 11:00:00",1413,
"2026-08-12 12:00:00",1585,
"2026-08-12 13:00:00",1746,
"2026-08-12 14:00:00",1991,
"2026-08-12 15:00:00",2076,
"2026-08-12 16:00:00",2290,
"2026-08-12 17:00:00",2436,
"2026-08-12 18:00:00",2653,
"2026-08-12 19:00:00",2991,
"2026-08-12 20:00:00",3156,
"2026-08-12 21:00:00",3180,
"2026-08-12 22:00:00",3195,
"2026-08-12 22:10:00",3181,
"2026-08-12 22:20:00",3154,
"2026-08-12 22:30:00",3120,
"2026-08-12 22:40:00",3167,
"2026-08-12 22:50:00",3154,
"2026-08-12 23:00:00",3122,
"2026-08-12 23:10:00",3135,
"2026-08-12 23:20:00",3192,
"2026-08-12 23:30:00",3218,
"2026-08-12 23:40:00",3217,
"2026-08-12 23:50:00",3257,
"2026-08-13 00:00:00",3320,2584
"2026-08-13 00:10:00",3353,
"2026-08-13 00:20:00",3358,
"2026-08-13 00:30:00",3396,
"2026-08-13 00:40:00",3466,
"2026-08-13 00:50:00",3497,
"2026-08-13 01:00:00",3520,
"2026-08-13 01:10:00",3601,
"2026-08-13 01:20:00",3621,
"2026-08-13 01:30:00",3709,
"2026-08-13 01:40:00",3769,
"2026-08-13 01:50:00",3826,
"2026-08-13 02:00:00",3841,
"2026-08-13 02:10:00",3845,
"2026-08-13 02:20:00",3890,
"2026-08-13 02:30:00",3889,
"2026-08-13 02:40:00",3855,
"2026-08-13 02:50:00",3855,
"2026-08-13 03:00:00",3789,
"2026-08-13 03:10:00",3724,
"2026-08-13 03:20:00",3679,
"2026-08-13 03:30:00",3630,
"2026-08-13 03:40:00",3591,
"2026-08-13 03:50:00",3499,
"2026-08-13 04:00:00",3359,
"2026-08-13 04:10:00",3284,
"2026-08-13 04:20:00",3186,
"2026-08-13 04:30:00",3078,
"2026-08-13 04:40:00",2966,
"2026-08-13 04:50:00",2893,
"2026-08-13 05:00:00",2827,
"2026-08-13 05:10:00",2738,
"2026-08-13 05:20:00",2659,
"2026-08-13 05:30:00",2583,
"2026-08-13 05:40:00",2480,
"2026-08-13 05:50:00",2392,
"2026-08-13 06:00:00",2332,
"2026-08-13 06:10:00",2264,
"2026-08-13 06:20:00",2185,
"2026-08-13 06:30:00",2111,
"2026-08-13 06:40:00",1985,
"2026-08-13 06:50:00",1908,
"2026-08-13 07:00:00",1835,
"2026-08-13 07:10:00",1767,
"2026-08-13 07:20:00",1696,
"2026-08-13 07:30:00",1664,
"2026-08-13 07:40:00",1625,
"2026-08-13 07:50:00",1589,
"2026-08-13 08:00:00",1549,
"2026-08-13 08:10:00",1536,
"2026-08-13 08:20:00",1499,
"2026-08-13 08:30:00",1459,
"2026-08-13 08:40:00",1406,
"2026-08-13 08:50:00",1366,
"2026-08-13 09:00:00",1304,
"2026-08-13 09:10:00",1297,
"2026-08-13 09:20:00",1297,
"2026-08-13 09:30:00",1296,
"2026-08-13 09:40:00",1283,
"2026-08-13 09:50:00",1280,
"2026-08-13 10:00:00",1271,
"2026-08-13 10:10:00",1283,
"2026-08-13 10:20:00",1286,
"2026-08-13 10:30:00",1282,
"2026-08-13 10:40:00",1288,
"2026-08-13 10:50:00",1280,
"2026-08-13 11:00:00",1292,
"2026-08-13 11:10:00",1323,
"2026-08-13 11:20:00",1343,
"2026-08-13 11:30:00",1375,
"2026-08-13 11:40:00",1389,
"2026-08-13 11:50:00",1414,
"2026-08-13 12:00:00",1434,
"2026-08-13 12:10:00",1474,
"2026-08-13 12:20:00",1503,
"2026-08-13 12:30:00",1521,
"2026-08-13 12:40:00",1547,
"2026-08-13 12:50:00",1549,
"2026-08-13 13:00:00",1564,
"2026-08-13 13:10:00",1612,
"2026-08-13 13:20:00",1648,
"2026-08-13 13:30:00",1668,
"2026-08-13 13:40:00",1676,
"2026-08-13 13:50:00",1680,
"2026-08-13 14:00:00",1665,
"2026-08-13 14:10:00",1686,
"2026-08-13 14:20:00",1715,
"2026-08-13 14:30:00",1753,
"2026-08-13 14:40:00",1752,
"2026-08-13 14:50:00",1775,
"2026-08-13 15:00:00",1775,
"2026-08-13 15:10:00",1804,
"2026-08-13 15:20:00",1844,
"2026-08-13 15:30:00",1882,
"2026-08-13 15:40:00",1884,
"2026-08-13 15:50:00",1939,
"2026-08-13 16:00:00",1971,
"2026-08-13 16:10:00",2043,
"2026-08-13 16:20:00",2070,
"2026-08-13 16:30:00",2130,
"2026-08-13 16:40:00",2259,
"2026-08-13 16:50:00",2265,
"2026-08-13 17:00:00",2483,
"2026-08-13 17:10:00",2761,
"2026-08-13 17:20:00",2870,
"2026-08-13 17:30:00",2953,
"2026-08-13 17:40:00",3034,
"2026-08-13 17:50:00",3103,
"2026-08-13 18:00:00",3152,
"2026-08-13 18:10:00",3200,
"2026-08-13 18:20:00",3258,
"2026-08-13 18:30:00",3296,
"2026-08-13 18:40:00",3352,
"2026-08-13 18:50:00",3353,
"2026-08-13 19:00:00",3335,
"2026-08-13 19:10:00",3457,
"2026-08-13 19:20:00",3459,
"2026-08-13 19:30:00",3487,
"2026-08-13 19:40:00",3477,
"2026-08-13 19:50:00",3485,
"2026-08-13 20:00:00",3543,
"2026-08-13 20:10:00",3548,
"2026-08-13 20:20:00",3568,
"2026-08-13 20:30:00",3604,
"2026-08-13 20:40:00",3632,
"2026-08-13 20:50:00",3608,
"2026-08-13 21:00:00",3576,
"2026-08-13 21:10:00",3609,
"2026-08-13 21:20:00",3638,
"2026-08-13 21:30:00",3619,
"2026-08-13 21:40:00",3623,
"2026-08-13 21:50:00",3593,
"2026-08-13 22:00:00",3558,
"2026-08-13 22:10:00",3574,
"2026-08-13 22:20:00",3570,
"2026-08-13 22:30:00",3564,
"2026-08-13 22:40:00",3571,
"2026-08-13 22:50:00",3550,
"2026-08-13 23:00:00",3538,
"2026-08-13 23:10:00",3548,
"2026-08-13 23:20:00",3558,
"2026-08-13 23:30:00",3585,
"2026-08-13 23:40:00",3619,
"2026-08-13 23:50:00",3670,
"2026-08-14 00:00:00",3731,2878
"2026-08-14 00:10:00",3783,
"2026-08-14 00:20:00",3833,
"2026-08-14 00:30:00",3880,
"2026-08-14 00:40:00",3974,
"2026-08-14 00:50:00",4036,
"2026-08-14 01:00:00",4116,
"2026-08-14 01:10:00",4205,
"2026-08-14 01:20:00",4284,
"2026-08-14 01:30:00",4338,
"2026-08-14 01:40:00",4381,
"2026-08-14 01:50:00",4381,
"2026-08-14 02:00:00",4408,
"2026-08-14 02:10:00",4408,
"2026-08-14 02:20:00",4400,
"2026-08-14 02:30:00",4399,
"2026-08-14 02:40:00",4384,
"2026-08-14 02:50:00",4371,
"2026-08-14 03:00:00",4361,
"2026-08-14 03:10:00",4351,
"2026-08-14 03:20:00",4331,
"2026-08-14 03:30:00",4340,
"2026-08-14 03:40:00",4300,
"2026-08-14 03:50:00",4277,
"2026-08-14 04:00:00",4176,
"2026-08-14 04:10:00",4006,
"2026-08-14 04:20:00",3936,
"2026-08-14 04:30:00",3812,
"2026-08-14 04:40:00",3696,
"2026-08-14 04:50:00",3597,
"2026-08-14 05:00:00",3477,
"2026-08-14 05:10:00",3355,
"2026-08-14 05:20:00",3267,
"2026-08-14 05:30:00",3135,
"2026-08-14 05:40:00",3045,
"2026-08-14 05:50:00",2949,
"2026-08-14 06:00:00",2802,
"2026-08-14 06:10:00",2722,
"2026-08-14 06:20:00",2604,
"2026-08-14 06:30:00",2448,
"2026-08-14 06:40:00",2382,
"2026-08-14 06:50:00",2250,
"2026-08-14 07:00:00",2180,
"2026-08-14 07:10:00",2119,
"2026-08-14 07:20:00",2055,
"2026-08-14 07:30:00",1957,
"2026-08-14 07:40:00",1918,
"2026-08-14 07:50:00",1867,
"2026-08-14 08:00:00",1808,
"2026-08-14 08:10:00",1741,
"2026-08-14 08:20:00",1653,
"2026-08-14 08:30:00",1628,
"2026-08-14 08:40:00",1585,
"2026-08-14 08:50:00",1548,
"2026-08-14 09:00:00",1539,
"2026-08-14 09:10:00",1522,
"2026-08-14 09:20:00",1483,
"2026-08-14 09:30:00",1483,
"2026-08-14 09:40:00",1500,
"2026-08-14 09:50:00",1497,
"2026-08-14 10:00:00",1473,
"2026-08-14 10:10:00",1469,
"2026-08-14 10:20:00",1470,
"2026-08-14 10:30:00",1457,
"2026-08-14 10:40:00",1484,
"2026-08-14 10:50:00",1487,
"2026-08-14 11:00:00",1504,
"2026-08-14 11:10:00",1495,
"2026-08-14 11:20:00",1515,
"2026-08-14 11:30:00",1578,
"2026-08-14 11:40:00",1587,
"2026-08-14 11:50:00",1603,
"2026-08-14 12:00:00",1645,
"2026-08-14 12:10:00",1659,
"2026-08-14 12:20:00",1686,
"2026-08-14 12:30:00",1687,
"2026-08-14 12:40:00",1719,
"2026-08-14 12:50:00",1762,
"2026-08-14 13:00:00",1825,
"2026-08-14 13:10:00",1852,
"2026-08-14 13:20:00",1869,
"2026-08-14 13:30:00",1914,
"2026-08-14 13:40:00",1995,
"2026-08-14 13:50:00",2016,
"2026-08-14 14:00:00",2072,
"2026-08-14 14:10:00",2086,
"2026-08-14 14:20:00",2129,
"2026-08-14 14:30:00",2161,
"2026-08-14 14:40:00",2219,
"2026-08-14 14:50:00",2248,
"2026-08-14 15:00:00",2234,
"2026-08-14 15:10:00",2280,
"2026-08-14 15:20:00",2335,
"2026-08-14 15:30:00",2366,
"2026-08-14 15:40:00",2414,
"2026-08-14 15:50:00",2459,
"2026-08-14 16:00:00",2491,
"2026-08-14 16:10:00",2527,
"2026-08-14 16:20:00",2548,
"2026-08-14 16:30:00",2579,
"2026-08-14 16:40:00",2641,
"2026-08-14 16:50:00",2676,
"2026-08-14 17:00:00",2780,
"2026-08-14 17:10:00",2825,
"2026-08-14 17:20:00",2881,
"2026-08-14 17:30:00",2890,
"2026-08-14 17:40:00",2952,
"2026-08-14 17:50:00",3000,
"2026-08-14 18:00:00",3010,
"2026-08-14 18:10:00",3087,
"2026-08-14 18:20:00",3134,
"2026-08-14 18:30:00",3139,
"2026-08-14 18:40:00",3162,
"2026-08-14 18:50:00",3214,
"2026-08-14 19:00:00",3244,
"2026-08-14 19:10:00",3267,
"2026-08-14 19:20:00",3300,
"2026-08-14 19:30:00",3332,
"2026-08-14 19:40:00",3423,
"2026-08-14 19:50:00",3467,
"2026-08-14 20:00:00",3500,
"2026-08-14 20:10:00",3555,
"2026-08-14 20:20:00",3607,
"2026-08-14 20:30:00",3656,
"2026-08-14 20:40:00",3650,
"2026-08-14 20:50:00",3670,
"2026-08-14 21:00:00",3684,
"2026-08-14 21:10:00",3703,
"2026-08-14 21:20:00",3727,
"2026-08-14 21:30:00",3756,
"2026-08-14 21:40:00",3748,
"2026-08-14 21:50:00",3735,
"2026-08-14 22:00:00",3684,
"2026-08-14 22:10:00",3662,
"2026-08-14 22:20:00",3663,
"2026-08-14 22:30:00",3662,
"2026-08-14 22:40:00",3656,
"2026-08-14 22:50:00",3637,
"2026-08-14 23:00:00",3644,
"2026-08-14 23:10:00",3645,
"2026-08-14 23:20:00",3626,
"2026-08-14 23:30:00",3663,
"2026-08-14 23:40:00",3692,
"2026-08-14 23:50:00",3745,
"2026-08-15 00:00:00",3778,3262
"2026-08-15 00:10:00",3839,
"2026-08-15 00:20:00",3854,
"2026-08-15 00:30:00",3945,
"2026-08-15 00:40:00",3968,
"2026-08-15 00:50:00",3982,
"2026-08-15 01:00:00",3995,
"2026-08-15 01:10:00",4079,
"2026-08-15 01:20:00",4185,
"2026-08-15 01:30:00",4262,
"2026-08-15 01:40:00",4367,
"2026-08-15 01:50:00",4384,
"2026-08-15 02:00:00",4421,
"2026-08-15 02:10:00",4460,
"2026-08-15 02:20:00",4474,
"2026-08-15 02:30:00",4518,
"2026-08-15 02:40:00",4543,
"2026-08-15 02:50:00",4534,
"2026-08-15 03:00:00",4550,
"2026-08-15 03:10:00",4550,
"2026-08-15 03:20:00",4546,
"2026-08-15 03:30:00",4565,
"2026-08-15 03:40:00",4526,
"2026-08-15 03:50:00",4533,
"2026-08-15 04:00:00",4476,
"2026-08-15 04:10:00",4410,
"2026-08-15 04:20:00",4316,
"2026-08-15 04:30:00",4263,
"2026-08-15 04:40:00",4181,
"2026-08-15 04:50:00",4114,
"2026-08-15 05:00:00",4024,
"2026-08-15 05:10:00",3928,
"2026-08-15 05:20:00",3843,
"2026-08-15 05:30:00",3764,
"2026-08-15 05:40:00",3626,
"2026-08-15 05:50:00",3512,
"2026-08-15 06:00:00",3381,
"2026-08-15 06:10:00",3259,
"2026-08-15 06:20:00",3189,
"2026-08-15 06:30:00",3050,
"2026-08-15 06:40:00",2937,
"2026-08-15 06:50:00",2832,
"2026-08-15 07:00:00",2735,
"2026-08-15 07:10:00",2640,
"2026-08-15 07:20:00",2540,
"2026-08-15 07:30:00",2451,
"2026-08-15 07:40:00",2420,
"2026-08-15 07:50:00",2334,
"2026-08-15 08:00:00",2268,
"2026-08-15 08:10:00",2198,
"2026-08-15 08:20:00",2146,
"2026-08-15 08:30:00",2081,
"2026-08-15 08:40:00",2006,
"2026-08-15 08:50:00",1925,
"2026-08-15 09:00:00",1836,
"2026-08-15 09:10:00",1789,
"2026-08-15 09:20:00",1762,
"2026-08-15 09:30:00",1732,
"2026-08-15 09:40:00",1704,
"2026-08-15 09:50:00",1690,
"2026-08-15 10:00:00",1698,
"2026-08-15 10:10:00",1692,
"2026-08-15 10:20:00",1698,
"2026-08-15 10:30:00",1698,
"2026-08-15 10:40:00",1690,
"2026-08-15 10:50:00",1702,
"2026-08-15 11:00:00",1692,
"2026-08-15 11:10:00",1690,
"2026-08-15 11:20:00",1708,
"2026-08-15 11:30:00",1708,
"2026-08-15 11:40:00",1743,
"2026-08-15 11:50:00",1778,
"2026-08-15 12:00:00",1826,
"2026-08-15 12:10:00",1893,
"2026-08-15 12:20:00",1931,
"2026-08-15 12:30:00",2009,
"2026-08-15 12:40:00",2033,
"2026-08-15 12:50:00",2068,
"2026-08-15 13:00:00",2146,
"2026-08-15 13:10:00",2217,
"2026-08-15 13:20:00",2244,
"2026-08-15 13:30:00",2287,
"2026-08-15 13:40:00",2335,
"2026-08-15 13:50:00",2395,
"2026-08-15 14:00:00",2452,
"2026-08-15 14:10:00",2514,
"2026-08-15 14:20:00",2588,
"2026-08-15 14:30:00",2632,
"2026-08-15 14:40:00",2688,
"2026-08-15 14:50:00",2759,
"2026-08-15 15:00:00",2770,
"2026-08-15 15:10:00",2800,
"2026-08-15 15:20:00",2860,
"2026-08-15 15:30:00",2869,
"2026-08-15 15:40:00",2919,
"2026-08-15 15:50:00",2933,
"2026-08-15 16:00:00",2905,
"2026-08-15 16:10:00",2974,
"2026-08-15 16:20:00",3030,
"2026-08-15 16:30:00",3091,
"2026-08-15 16:40:00",3161,
"2026-08-15 16:50:00",3197,
"2026-08-15 17:00:00",3284,
"2026-08-15 17:10:00",3328,
"2026-08-15 17:20:00",3379,
"2026-08-15 17:30:00",3457,
"2026-08-15 17:40:00",3536,
"2026-08-15 17:50:00",3566,
"2026-08-15 18:00:00",3620,
"2026-08-15 18:10:00",3652,
"2026-08-15 18:20:00",3711,
"2026-08-15 18:30:00",3773,
"2026-08-15 18:40:00",3818,
"2026-08-15 18:50:00",3885,
"2026-08-15 19:00:00",3945,
"2026-08-15 19:10:00",3958,
"2026-08-15 19:20:00",4018,
"2026-08-15 19:30:00",4076,
"2026-08-15 19:40:00",4132,
"2026-08-15 19:50:00",4172,
"2026-08-15 20:00:00",4198,
"2026-08-15 20:10:00",4273,
"2026-08-15 20:20:00",4288,
"2026-08-15 20:30:00",4323,
"2026-08-15 20:40:00",4308,
"2026-08-15 20:50:00",4261,
"2026-08-15 21:00:00",4252,
"2026-08-15 21:10:00",4257,
"2026-08-15 21:20:00",4264,
"2026-08-15 21:30:00",4277,
"2026-08-15 21:40:00",4263,
"2026-08-15 21:50:00",4226,
"2026-08-15 22:00:00",4210,
"2026-08-15 22:10:00",4179,
"2026-08-15 22:20:00",4086,
"2026-08-15 22:30:00",4048,
"2026-08-15 22:40:00",4033,
"2026-08-15 22:50:00",4005,
"2026-08-15 23:00:00",3963,
"2026-08-15 23:10:00",3914,
"2026-08-15 23:20:00",3880,
"2026-08-15 23:30:00",3871,
"2026-08-15 23:40:00",3887,
"2026-08-15 23:50:00",3870,
"2026-08-16 00:00:00",3849,3260
"2026-08-16 00:10:00",3819,
"2026-08-16 00:20:00",3800,
"2026-08-16 00:30:00",3783,
"2026-08-16 00:40:00",3766,
"2026-08-16 00:50:00",3882,
"2026-08-16 01:00:00",3887,
"2026-08-16 01:10:00",3939,
"2026-08-16 01:20:00",3968,
"2026-08-16 01:30:00",4021,
"2026-08-16 01:40:00",4083,
"2026-08-16 01:50:00",4116,
"2026-08-16 02:00:00",4153,
"2026-08-16 02:10:00",4164,
"2026-08-16 02:20:00",4208,
"2026-08-16 02:30:00",4214,
"2026-08-16 02:40:00",4220,
"2026-08-16 02:50:00",4214,
"2026-08-16 03:00:00",4281,
"2026-08-16 03:10:00",4289,
"2026-08-16 03:20:00",4278,
"2026-08-16 03:30:00",4272,
"2026-08-16 03:40:00",4231,
"2026-08-16 03:50:00",4201,
"2026-08-16 04:00:00",4183,
"2026-08-16 04:10:00",4130,
"2026-08-16 04:20:00",4119,
"2026-08-16 04:30:00",4076,
"2026-08-16 04:40:00",4024,
"2026-08-16 04:50:00",3950,
"2026-08-16 05:00:00",3912,
"2026-08-16 05:10:00",3865,
"2026-08-16 05:20:00",3776,
"2026-08-16 05:30:00",3674,
"2026-08-16 05:40:00",3575,
"2026-08-16 05:50:00",3473,
"2026-08-16 06:00:00",3376,
"2026-08-16 06:10:00",3306,
"2026-08-16 06:20:00",3213,
"2026-08-16 06:30:00",3118,
"2026-08-16 06:40:00",3050,
"2026-08-16 06:50:00",2941,
"2026-08-16 07:00:00",2866,
"2026-08-16 07:10:00",2775,
"2026-08-16 07:20:00",2720,
"2026-08-16 07:30:00",2626,
"2026-08-16 07:40:00",2542,
"2026-08-16 07:50:00",2449,
"2026-08-16 08:00:00",2355,
"2026-08-16 08:10:00",2261,
"2026-08-16 08:20:00",2204,
"2026-08-16 08:30:00",2139,
"2026-08-16 08:40:00",2089,
"2026-08-16 08:50:00",2066,
"2026-08-16 09:00:00",2035,
"2026-08-16 09:10:00",2008,
"2026-08-16 09:20:00",1974,
"2026-08-16 09:30:00",1958,
"2026-08-16 09:40:00",1948,
"2026-08-16 09:50:00",1929,
"2026-08-16 10:00:00",1910,
"2026-08-16 10:10:00",1902,
"2026-08-16 10:20:00",1888,
"2026-08-16 10:30:00",1876,
"2026-08-16 10:40:00",1863,
"2026-08-16 10:50:00",1852,
"2026-08-16 11:00:00",1843,
"2026-08-16 11:10:00",1867,
"2026-08-16 11:20:00",1867,
"2026-08-16 11:30:00",1895,
"2026-08-16 11:40:00",1953,
"2026-08-16 11:50:00",2016,
"2026-08-16 12:00:00",2069,
"2026-08-16 12:10:00",2103,
"2026-08-16 12:20:00",2142,
"2026-08-16 12:30:00",2203,
"2026-08-16 12:40:00",2282,
"2026-08-16 12:50:00",2329,
"2026-08-16 13:00:00",2390,
"2026-08-16 13:10:00",2426,
"2026-08-16 13:20:00",2483,
"2026-08-16 13:30:00",2504,
"2026-08-16 13:40:00",2561,
"2026-08-16 13:50:00",2576,
"2026-08-16 14:00:00",2656,
"2026-08-16 14:10:00",2733,
"2026-08-16 14:20:00",2783,
"2026-08-16 14:30:00",2831,
"2026-08-16 14:40:00",2904,
"2026-08-16 14:50:00",2954,
"2026-08-16 15:00:00",2995,
"2026-08-16 15:10:00",3076,
"2026-08-16 15:20:00",3147,
"2026-08-16 15:30:00",3183,
"2026-08-16 15:40:00",3244,
"2026-08-16 15:50:00",3301,
"2026-08-16 16:00:00",3332,
"2026-08-16 16:10:00",3382,
"2026-08-16 16:20:00",3438,
"2026-08-16 16:30:00",3512,
"2026-08-16 16:40:00",3583,
"2026-08-16 16:50:00",3605,
"2026-08-16 17:00:00",3651,
"2026-08-16 17:10:00",3629,
"2026-08-16 17:20:00",3515,
"2026-08-16 17:30:00",3480,
"2026-08-16 17:40:00",3516,
"2026-08-16 17:50:00",3489,
"2026-08-16 18:00:00",3491,
"2026-08-16 18:10:00",3520,
"2026-08-16 18:20:00",3600,
"2026-08-16 18:30:00",3659,
"2026-08-16 18:40:00",3729,
"2026-08-16 18:50:00",3729,
"2026-08-16 19:00:00",3756,
"2026-08-16 19:10:00",3811,
"2026-08-16 19:20:00",3867,
"2026-08-16 19:30:00",3945,
"2026-08-16 19:40:00",3985,
"2026-08-16 19:50:00",4018,
"2026-08-16 20:00:00",4028,
"2026-08-16 20:10:00",4010,
"2026-08-16 20:20:00",4092,
"2026-08-16 20:30:00",4107,
"2026-08-16 20:40:00",4128,
"2026-08-16 20:50:00",4127,
"2026-08-16 21:00:00",4115,
"2026-08-16 21:10:00",4102,
"2026-08-16 21:20:00",4071,
"2026-08-16 21:30:00",4004,
"2026-08-16 21:40:00",3971,
"2026-08-16 21:50:00",3933,
"2026-08-16 22:00:00",3866,
"2026-08-16 22:10:00",3811,
"2026-08-16 22:20:00",3741,
"2026-08-16 22:30:00",3702,
"2026-08-16 22:40:00",3697,
"2026-08-16 22:50:00",3703,
"2026-08-16 23:00:00",3713,
"2026-08-16 23:10:00",3659,
"2026-08-16 23:20:00",3645,
"2026-08-16 23:30:00",3625,
"2026-08-16 23:40:00",3581,
"2026-08-16 23:50:00",3582,
"2026-08-17 00:00:00",3567,2506
"2026-08-17 00:10:00",3630,
"2026-08-17 00:20:00",3605,
"2026-08-17 00:30:00",3660,
"2026-08-17 00:40:00",3677,
"2026-08-17 00:50:00",3663,
"2026-08-17 01:00:00",3680,
"2026-08-17 01:10:00",3705,
"2026-08-17 01:20:00",3711,
"2026-08-17 01:30:00",3730,
"2026-08-17 01:40:00",3726,
"2026-08-17 01:50:00",3746,
"2026-08-17 02:00:00",3755,
"2026-08-17 02:10:00",3756,
"2026-08-17 02:20:00",3729,
"2026-08-17 02:30:00",3727,
"2026-08-17 02:40:00",3682,
"2026-08-17 02:50:00",3660,
"2026-08-17 03:00:00",3605,
"2026-08-17 03:10:00",3567,
"2026-08-17 03:20:00",3496,
"2026-08-17 03:30:00",3441,
"2026-08-17 03:40:00",3310,
"2026-08-17 03:50:00",3257,
"2026-08-17 04:00:00",3164,
"2026-08-17 04:10:00",3107,
"2026-08-17 04:20:00",3033,
"2026-08-17 04:30:00",2959,
"2026-08-17 04:40:00",2870,
"2026-08-17 04:50:00",2772,
"2026-08-17 05:00:00",2686,
"2026-08-17 05:10:00",2643,
"2026-08-17 05:20:00",2583,
"2026-08-17 05:30:00",2526,
"2026-08-17 05:40:00",2410,
"2026-08-17 05:50:00",2333,
"2026-08-17 06:00:00",2258,
"2026-08-17 06:10:00",2162,
"2026-08-17 06:20:00",2101,
"2026-08-17 06:30:00",2032,
"2026-08-17 06:40:00",1959,
"2026-08-17 06:50:00",1869,
"2026-08-17 07:00:00",1782,
"2026-08-17 07:10:00",1728,
"2026-08-17 07:20:00",1652,
"2026-08-17 07:30:00",1585,
"2026-08-17 07:40:00",1541,
"2026-08-17 07:50:00",1510,
"2026-08-17 08:00:00",1456,
"2026-08-17 08:10:00",1440,
"2026-08-17 08:20:00",1425,
"2026-08-17 08:30:00",1427,
"2026-08-17 08:40:00",1400,
"2026-08-17 08:50:00",1375,
"2026-08-17 09:00:00",1338,
"2026-08-17 09:10:00",1299,
"2026-08-17 09:20:00",1281,
"2026-08-17 09:30:00",1278,
"2026-08-17 09:40:00",1276,
"2026-08-17 09:50:00",1266,
"2026-08-17 10:00:00",1256,
"2026-08-17 10:10:00",1256,
"2026-08-17 10:20:00",1262,
"2026-08-17 10:30:00",1279,
"2026-08-17 10:40:00",1265,
"2026-08-17 10:50:00",1268,
"2026-08-17 11:00:00",1266,
"2026-08-17 11:10:00",1289,
"2026-08-17 11:20:00",1282,
"2026-08-17 11:30:00",1314,
"2026-08-17 11:40:00",1338,
"2026-08-17 11:50:00",1361,
"2026-08-17 12:00:00",1368,
"2026-08-17 12:10:00",1401,
"2026-08-17 12:20:00",1461,
"2026-08-17 12:30:00",1479,
"2026-08-17 12:40:00",1509,
"2026-08-17 12:50:00",1528,
"2026-08-17 13:00:00",1534,
"2026-08-17 13:10:00",1566,
"2026-08-17 13:20:00",1623,
"2026-08-17 13:30:00",1685,
"2026-08-17 13:40:00",1698,
"2026-08-17 13:50:00",1706,
"2026-08-17 14:00:00",1700,
"2026-08-17 14:10:00",1736,
"2026-08-17 14:20:00",1784,
"2026-08-17 14:30:00",1832,
"2026-08-17 14:40:00",1866,
"2026-08-17 14:50:00",1922,
"2026-08-17 15:00:00",1930,
"2026-08-17 15:10:00",1931,
"2026-08-17 15:20:00",1995,
"2026-08-17 15:30:00",2046,
"2026-08-17 15:40:00",2073,
"2026-08-17 15:50:00",2104,
"2026-08-17 16:00:00",2137,
"2026-08-17 16:10:00",2174,
"2026-08-17 16:20:00",2223,
"2026-08-17 16:30:00",2230,
"2026-08-17 16:40:00",2240,
"2026-08-17 16:50:00",2344,
"2026-08-17 17:00:00",2425,
"2026-08-17 17:10:00",2509,
"2026-08-17 17:20:00",2592,
"2026-08-17 17:30:00",2643,
"2026-08-17 17:40:00",2693,
"2026-08-17 17:50:00",2788,
"2026-08-17 18:00:00",2809,
"2026-08-17 18:10:00",2896,
"2026-08-17 18:20:00",2943,
"2026-08-17 18:30:00",3018,
"2026-08-17 18:40:00",3058,
"2026-08-17 18:50:00",3098,
"2026-08-17 19:00:00",3120,
"2026-08-17 19:10:00",3143,
"2026-08-17 19:20:00",3182,
"2026-08-17 19:30:00",3254,
"2026-08-17 19:40:00",3313,
"2026-08-17 19:50:00",3316,
"2026-08-17 20:00:00",3314,
"2026-08-17 20:10:00",3318,
"2026-08-17 20:20:00",3336,
"2026-08-17 20:30:00",3342,
"2026-08-17 20:40:00",3350,
"2026-08-17 20:50:00",3340,
"2026-08-17 21:00:00",3326,
"2026-08-17 21:10:00",3336,
"2026-08-17 21:20:00",3338,
"2026-08-17 21:30:00",3356,
"2026-08-17 21:40:00",3349,
"2026-08-17 21:50:00",3361,
"2026-08-17 22:00:00",3392,
"2026-08-17 22:10:00",3390,
"2026-08-17 22:20:00",3392,
"2026-08-17 22:30:00",3339,
"2026-08-17 22:40:00",3316,
"2026-08-17 22:50:00",3335,
"2026-08-17 23:00:00",3337,
"2026-08-17 23:10:00",3385,
"2026-08-17 23:20:00",3413,
"2026-08-17 23:30:00",3453,
"2026-08-17 23:40:00",3479,
"2026-08-17 23:50:00",3516,
"2026-08-18 00:00:00",3561,2604
"2026-08-18 00:10:00",3583,
"2026-08-18 00:20:00",3624,
"2026-08-18 00:30:00",3694,
"2026-08-18 00:40:00",3786,
"2026-08-18 00:50:00",3882,
"2026-08-18 01:00:00",3955,
"2026-08-18 01:10:00",4033,
"2026-08-18 01:20:00",4107,
"2026-08-18 01:30:00",4177,
"2026-08-18 01:40:00",4225,
"2026-08-18 01:50:00",4284,
"2026-08-18 02:00:00",4306,
"2026-08-18 02:10:00",4330,
"2026-08-18 02:20:00",4300,
"2026-08-18 02:30:00",4315,
"2026-08-18 02:40:00",4265,
"2026-08-18 02:50:00",4198,
"2026-08-18 03:00:00",4161,
"2026-08-18 03:10:00",4111,
"2026-08-18 03:20:00",4059,
"2026-08-18 03:30:00",4001,
"2026-08-18 03:40:00",3955,
"2026-08-18 03:50:00",3892,
"2026-08-18 04:00:00",3781,
"2026-08-18 04:10:00",3668,
"2026-08-18 04:20:00",3601,
"2026-08-18 04:30:00",3479,
"2026-08-18 04:40:00",3393,
"2026-08-18 04:50:00",3265,
"2026-08-18 05:00:00",3180,
"2026-08-18 05:10:00",3062,
"2026-08-18 05:20:00",2945,
"2026-08-18 05:30:00",2839,
"2026-08-18 05:40:00",2726,
"2026-08-18 05:50:00",2622,
"2026-08-18 06:00:00",2546,
"2026-08-18 06:10:00",2477,
"2026-08-18 06:20:00",2404,
"2026-08-18 06:30:00",2271,
"2026-08-18 06:40:00",2179,
"2026-08-18 06:50:00",2109,
"2026-08-18 07:00:00",2043,
"2026-08-18 07:10:00",1971,
"2026-08-18 07:20:00",1883,
"2026-08-18 07:30:00",1823,
"2026-08-18 07:40:00",1747,
"2026-08-18 07:50:00",1699,
"2026-08-18 08:00:00",1647,
"2026-08-18 08:10:00",1608,
"2026-08-18 08:20:00",1587,
"2026-08-18 08:30:00",1544,
"2026-08-18 08:40:00",1504,
"2026-08-18 08:50:00",1472,
"2026-08-18 09:00:00",1417,
"2026-08-18 09:10:00",1395,
"2026-08-18 09:20:00",1368,
"2026-08-18 09:30:00",1348,
"2026-08-18 09:40:00",1352,
"2026-08-18 09:50:00",1356,
"2026-08-18 10:00:00",1330,
"2026-08-18 10:10:00",1323,
"2026-08-18 10:20:00",1325,
"2026-08-18 10:30:00",1310,
"2026-08-18 10:40:00",1325,
"2026-08-18 10:50:00",1338,
"2026-08-18 11:00:00",1347,
"2026-08-18 11:10:00",1364,
"2026-08-18 11:20:00",1383,
"2026-08-18 11:30:00",1406,
"2026-08-18 11:40:00",1430,
"2026-08-18 11:50:00",1430,
"2026-08-18 12:00:00",1450,
"2026-08-18 12:10:00",1488,
"2026-08-18 12:20:00",1526,
"2026-08-18 12:30:00",1563,
"2026-08-18 12:40:00",1578,
"2026-08-18 12:50:00",1633,
"2026-08-18 13:00:00",1650,
"2026-08-18 13:10:00",1658,
"2026-08-18 13:20:00",1653,
"2026-08-18 13:30:00",1692,
"2026-08-18 13:40:00",1704,
"2026-08-18 13:50:00",1730,
"2026-08-18 14:00:00",1744,
"2026-08-18 14:10:00",1790,
"2026-08-18 14:20:00",1832,
"2026-08-18 14:30:00",1864,
"2026-08-18 14:40:00",1859,
"2026-08-18 14:50:00",1866,
"2026-08-18 15:00:00",1810,
"2026-08-18 15:10:00",1689,
"2026-08-18 15:20:00",1111,
"2026-08-18 15:30:00",795,
"2026-08-18 15:40:00",553,
"2026-08-18 15:50:00",434,
"2026-08-18 16:00:00",316,
"2026-08-18 16:10:00",295,
"2026-08-18 16:20:00",331,
"2026-08-18 16:30:00",343,
"2026-08-18 16:40:00",375,
"2026-08-18 16:50:00",405,
"2026-08-18 17:00:00",504,
"2026-08-18 17:10:00",1034,
"2026-08-18 17:20:00",1850,
"2026-08-18 17:30:00",2261,
"2026-08-18 17:40:00",2602,
"2026-08-18 17:50:00",2843,
"2026-08-18 18:00:00",3084,
"2026-08-18 18:10:00",3290,
"2026-08-18 18:20:00",3394,
"2026-08-18 18:30:00",3527,
"2026-08-18 18:40:00",3565,
"2026-08-18 18:50:00",3607,
"2026-08-18 19:00:00",3666,
"2026-08-18 19:10:00",3705,
"2026-08-18 19:20:00",3698,
"2026-08-18 19:30:00",3721,
"2026-08-18 19:40:00",3747,
"2026-08-18 19:50:00",3720,
"2026-08-18 20:00:00",3647,
"2026-08-18 20:10:00",3612,
"2026-08-18 20:20:00",3577,
"2026-08-18 20:30:00",3579,
"2026-08-18 20:40:00",3547,
"2026-08-18 20:50:00",3494,
"2026-08-18 21:00:00",3444,
"2026-08-18 21:10:00",3439,
"2026-08-18 21:20:00",3378,
"2026-08-18 21:30:00",3342,
"2026-08-18 21:40:00",3319,
"2026-08-18 21:50:00",3341,
"2026-08-18 22:00:00",3342,
"2026-08-18 22:10:00",,
"2026-08-18 22:20:00",2963,
"2026-08-18 22:30:00",2963,
"2026-08-18 22:40:00",3248,
"2026-08-18 22:50:00",3336,
"2026-08-18 23:00:00",3336,
"2026-08-18 23:10:00",3395,
"2026-08-18 23:20:00",3409,
"2026-08-18 23:30:00",3458,
"2026-08-18 23:40:00",3458,
"2026-08-18 23:50:00",3483,
"2026-08-19 00:00:00",3533,2721
"2026-08-19 00:10:00",3533,
"2026-08-19 00:20:00",3596,
"2026-08-19 00:30:00",3623,
"2026-08-19 00:40:00",3712,
"2026-08-19 00:50:00",3774,
"2026-08-19 01:00:00",3801,2709
"2026-08-19 01:10:00",3822,
"2026-08-19 01:20:00",3860,
"2026-08-19 01:30:00",3948,
"2026-08-19 01:40:00",3986,
"2026-08-19 01:50:00",4020,
"2026-08-19 02:00:00",3994,2694
"2026-08-19 02:10:00",4007,
"2026-08-19 02:20:00",4001,
"2026-08-19 02:30:00",4001,
"2026-08-19 02:40:00",3937,
"2026-08-19 02:50:00",3913,
"2026-08-19 03:00:00",3834,2679
"2026-08-19 03:10:00",3759,
"2026-08-19 03:20:00",3660,
"2026-08-19 03:30:00",3588,
"2026-08-19 03:40:00",3494,
"2026-08-19 03:50:00",3364,
"2026-08-19 04:00:00",3301,2658
"2026-08-19 04:10:00",3252,
"2026-08-19 04:20:00",3217,
"2026-08-19 04:30:00",3129,
"2026-08-19 04:40:00",3024,
"2026-08-19 04:50:00",2963,
"2026-08-19 05:00:00",2835,2643
"2026-08-19 05:10:00",2693,
"2026-08-19 05:20:00",2586,
"2026-08-19 05:30:00",2459,
"2026-08-19 05:40:00",2331,
"2026-08-19 05:50:00",2242,
"2026-08-19 06:00:00",2139,2626
"2026-08-19 06:10:00",2034,
"2026-08-19 06:20:00",1957,
"2026-08-19 06:30:00",1882,
"2026-08-19 06:40:00",1834,
"2026-08-19 06:50:00",1771,
"2026-08-19 07:00:00",1719,2614
"2026-08-19 07:10:00",1678,
"2026-08-19 07:20:00",1641,
"2026-08-19 07:30:00",1580,
"2026-08-19 07:40:00",1550,
"2026-08-19 07:50:00",1512,
"2026-08-19 08:00:00",1449,2607
"2026-08-19 08:10:00",1400,
"2026-08-19 08:20:00",1362,
"2026-08-19 08:30:00",1371,
"2026-08-19 08:40:00",1367,
"2026-08-19 08:50:00",1353,
"2026-08-19 09:00:00",1344,2605
"2026-08-19 09:10:00",1318,
"2026-08-19 09:20:00",1273,
"2026-08-19 09:30:00",1249,
"2026-08-19 09:40:00",1226,
"2026-08-19 09:50:00",1218,
"2026-08-19 10:00:00",1177,2601
"2026-08-19 10:10:00",1159,
"2026-08-19 10:20:00",1151,
"2026-08-19 10:30:00",1155,
"2026-08-19 10:40:00",1170,
"2026-08-19 10:50:00",1186,
"2026-08-19 11:00:00",1188,2597
"2026-08-19 11:10:00",1191,
"2026-08-19 11:20:00",1201,
"2026-08-19 11:30:00",1236,
"2026-08-19 11:40:00",1247,
"2026-08-19 11:50:00",1300,
"2026-08-19 12:00:00",1328,2594
"2026-08-19 12:10:00",1364,
"2026-08-19 12:20:00",1376,
"2026-08-19 12:30:00",1427,
"2026-08-19 12:40:00",1466,
"2026-08-19 12:50:00",1506,
"2026-08-19 13:00:00",1522,2591
"2026-08-19 13:10:00",1555,
"2026-08-19 13:20:00",1569,
"2026-08-19 13:30:00",1553,
"2026-08-19 13:40:00",1576,
"2026-08-19 13:50:00",1618,
"2026-08-19 14:00:00",1643,2589
"2026-08-19 14:10:00",1666,
"2026-08-19 14:20:00",1682,
"2026-08-19 14:30:00",1721,
"2026-08-19 14:40:00",1781,
"2026-08-19 14:50:00",1802,
"2026-08-19 15:00:00",1822,2597
"2026-08-19 15:10:00",1873,
"2026-08-19 15:20:00",1890,
"2026-08-19 15:30:00",1912,
"2026-08-19 15:40:00",1941,
"2026-08-19 15:50:00",1969,
"2026-08-19 16:00:00",1967,2670
"2026-08-19 16:10:00",1973,
"2026-08-19 16:20:00",2049,
"2026-08-19 16:30:00",2091,
"2026-08-19 16:40:00",2119,
"2026-08-19 16:50:00",2139,
"2026-08-19 17:00:00",2222,2655
"2026-08-19 17:10:00",2332,
"2026-08-19 17:20:00",2371,
"2026-08-19 17:30:00",2413,
"2026-08-19 17:40:00",2467,
"2026-08-19 17:50:00",2455,
"2026-08-19 18:00:00",2483,2617
"2026-08-19 18:10:00",2547,
"2026-08-19 18:20:00",2640,
"2026-08-19 18:30:00",2683,
"2026-08-19 18:40:00",2692,
"2026-08-19 18:50:00",2694,
"2026-08-19 19:00:00",2696,2582
"2026-08-19 19:10:00",2749,
"2026-08-19 19:20:00",2816,
"2026-08-19 19:30:00",2829,
"2026-08-19 19:40:00",2848,
"2026-08-19 19:50:00",2908,
"2026-08-19 20:00:00",2920,2556
"2026-08-19 20:10:00",2909,
"2026-08-19 20:20:00",2953,
"2026-08-19 20:30:00",2997,
"2026-08-19 20:40:00",3017,
"2026-08-19 20:50:00",3011,
"2026-08-19 21:00:00",3011,2537
"2026-08-19 21:10:00",3007,
"2026-08-19 21:20:00",2968,
"2026-08-19 21:30:00",2945,
"2026-08-19 21:40:00",2945,
"2026-08-19 21:50:00",2878,
"2026-08-19 22:00:00",2869,2517
"2026-08-19 22:10:00",2852,
"2026-08-19 22:20:00",2829,
"2026-08-19 22:30:00",2835,
"2026-08-19 22:40:00",2864,
"2026-08-19 22:50:00",2868,2517